{"cameraMode":{"drawMode":0,"name":"Shaded","section":"Shading Mode"},"sceneLighting":true,"audioPlay":false,"sceneViewState":{"m_AlwaysRefresh":false,"showFog":true,"showSkybox":true,"showFlares":true,"showImageEffects":true,"showParticleSystems":true,"showVisualEffectGraphs":true,"m_FxEnabled":true},"in2DMode":false,"pivot":{"x":2.929999828338623,"y":2.6884002685546877,"z":-1.925260066986084},"rotation":{"x":0.0019935239106416704,"y":0.9767266511917114,"z":-0.21431617438793183,"w":0.009080590680241585},"size":7.731739044189453,"orthographic":true}