{"cameraMode":{"drawMode":0,"name":"Shaded","section":"Shading Mode"},"sceneLighting":true,"audioPlay":false,"sceneViewState":{"m_AlwaysRefresh":false,"showFog":true,"showSkybox":true,"showFlares":true,"showImageEffects":true,"showParticleSystems":true,"showVisualEffectGraphs":true,"m_FxEnabled":false},"in2DMode":false,"pivot":{"x":2.776970386505127,"y":2.499843120574951,"z":0.02941889315843582},"rotation":{"x":0.08187353610992432,"y":0.8874554634094238,"z":-0.17334677278995515,"w":0.41920608282089236},"size":13.804563522338868,"orthographic":true}